instance,seed,penalty,hard_violations,feasible,time_s,generations,time_to_within_5pct
Instance1,0,1109,0,True,8.1,200,
Instance1,1,1309,0,True,7.3,200,
Instance1,2,1012,0,True,7.6,200,
Instance1,3,1215,0,True,7.4,200,
Instance1,4,1316,0,True,7.4,200,
Instance1,5,1613,0,True,7.2,200,
Instance1,6,1014,0,True,7.6,200,
Instance1,7,1217,0,True,7.5,200,
Instance1,8,911,0,True,8.4,200,
Instance1,9,1110,0,True,8.1,200,
Instance2,0,2058,1,False,14.5,200,
Instance2,1,2154,0,True,15.2,200,
Instance2,2,2447,4,False,16.4,200,
Instance2,3,2654,0,True,15.9,200,
Instance2,4,1956,2,False,14.9,200,
Instance2,5,2238,0,True,14.9,200,
Instance2,6,1952,0,True,15.4,200,
Instance2,7,2050,1,False,14.6,200,
Instance2,8,2160,0,True,14.9,200,
Instance2,9,2045,2,False,13.6,200,
Instance3,0,3653,14,False,19.7,200,
Instance3,1,3662,9,False,19.7,200,
Instance3,2,4377,23,False,20.2,137,
Instance3,3,4776,18,False,20.2,139,
Instance3,4,4364,9,False,20.2,150,
Instance3,5,4581,19,False,20.3,146,
Instance3,6,4977,20,False,20.2,152,
Instance3,7,5290,18,False,20.4,138,
Instance3,8,4672,11,False,20.4,144,
Instance3,9,4160,12,False,20.5,173,
Instance6,0,8710,127,False,20.4,100,
Instance6,1,9601,141,False,20.5,93,
Instance6,2,8696,127,False,20.4,94,
Instance6,3,9083,117,False,20.5,93,
Instance6,4,9618,125,False,20.4,102,
Instance6,5,10310,121,False,20.4,120,
Instance6,6,8604,111,False,20.4,118,
Instance6,7,9599,126,False,20.3,114,
Instance6,8,7971,90,False,20.3,135,
Instance6,9,8915,105,False,20.3,129,
Instance8,0,12673,582,False,20.5,80,
Instance8,1,11760,1928,False,20.5,81,
Instance8,2,12762,3698,False,20.5,83,
Instance8,3,12261,2318,False,20.5,82,
Instance8,4,11758,2898,False,20.5,84,
Instance8,5,12464,4311,False,20.6,84,
Instance8,6,12883,2757,False,20.4,85,
Instance8,7,11753,2236,False,20.5,85,
Instance8,8,12761,4712,False,20.4,84,
Instance8,9,12355,3306,False,20.5,85,
Instance12,0,31049,9320,False,21.5,27,
Instance12,1,31552,8071,False,21.5,33,
Instance12,2,30344,6576,False,21.4,32,
Instance12,3,32259,4853,False,21.5,32,
Instance12,4,31754,8221,False,21.1,33,
Instance12,5,29850,4867,False,21.0,34,
Instance12,6,29020,8759,False,21.1,34,
Instance12,7,29915,4535,False,21.2,32,
Instance12,8,31046,6073,False,21.2,34,
Instance12,9,28619,8375,False,20.9,35,
